wavelength_nm,theta_sub_deg,T0_plus,T0_minus
4.000000000000000568e+02,2.320914885614861589e+01,4.187095767560396198e-02,4.204728163815254355e-02
4.050000000000000568e+02,2.351660195109496954e+01,4.784799021016958309e-02,3.404746815683377947e-02
4.100000000000000568e+02,2.382477466527635102e+01,5.495776414860702175e-02,3.022562483502739400e-02
4.150000000000000568e+02,2.413368105434558331e+01,5.844097261382823899e-02,3.259934255356468358e-02
4.200000000000000000e+02,2.444333542769738443e+01,5.787773967145166260e-02,3.808308319209510739e-02
4.250000000000000000e+02,2.475375235654011163e+01,5.947837232579471917e-02,4.125579339485595937e-02
4.300000000000000000e+02,2.506494668226855893e+01,6.087687543975524307e-02,3.976545471780594532e-02
4.350000000000000000e+02,2.537693352515230316e+01,6.011682486904666028e-02,4.347471424305271448e-02
4.400000000000000000e+02,2.568972829335465136e+01,6.468207879699880425e-02,5.415120186917470047e-02
4.450000000000000000e+02,2.600334669229834716e+01,6.693107909363191221e-02,5.994641842744225652e-02
4.500000000000000568e+02,2.631780473439496859e+01,5.956125144533944149e-02,5.845912496241425366e-02
4.550000000000000568e+02,2.663311874915592981e+01,4.709462026954187863e-02,5.784813933730998531e-02
4.600000000000000568e+02,2.694930539370415090e+01,3.451164529306091633e-02,6.859403061022593950e-02
4.650000000000000568e+02,2.726638166370640448e+01,2.261656345004328661e-02,7.939387562226356276e-02
4.700000000000000568e+02,2.758436490474772640e+01,1.369892957782396954e-02,8.416747381714720366e-02
4.750000000000000000e+02,2.790327282417035093e+01,8.495615648838286682e-03,7.927221405575793356e-02
4.800000000000000568e+02,2.822312350340119025e+01,6.475239684609628357e-03,6.713125237119707545e-02
4.850000000000000000e+02,2.854393541079312513e+01,6.652381920441491001e-03,5.481240867886396501e-02
4.900000000000000568e+02,2.886572741500717498e+01,8.626253104022778631e-03,4.567855939961068534e-02
4.950000000000000000e+02,2.918851879896404000e+01,1.506673838143470640e-02,4.822256595157786707e-02
5.000000000000000568e+02,2.951232927439549769e+01,2.442331113252938640e-02,4.091835700302706019e-02
5.050000000000000568e+02,2.983717899702786980e+01,4.127958592882356031e-02,2.786628662053699038e-02
5.100000000000000000e+02,3.016308858243213464e+01,5.724540142146838234e-02,2.711554685268439610e-02
5.150000000000000000e+02,3.049007912257708952e+01,5.440024943980355937e-02,5.145718233457680091e-02
5.200000000000000000e+02,3.081817220312465011e+01,4.767560671203541905e-02,6.853904743019918755e-02
5.250000000000000000e+02,3.114738992150898156e+01,4.626521558459438521e-02,6.545350131829949514e-02
5.300000000000000000e+02,3.147775490584344737e+01,5.144266517855292098e-02,5.605927419197374167e-02
5.350000000000001137e+02,3.180929033470314238e+01,5.983626312051532059e-02,4.962117977378424638e-02
5.400000000000000000e+02,3.214201995783307098e+01,6.807819006210767687e-02,4.741889496145304528e-02
5.450000000000001137e+02,3.247596811783638060e+01,7.470097405544810776e-02,4.767790192517332160e-02
5.500000000000000000e+02,3.281115977290006924e+01,8.091753748630818588e-02,4.858603679446287654e-02
5.550000000000001137e+02,3.314762052062017972e+01,8.915021890415937567e-02,4.964306572183562610e-02
5.600000000000000000e+02,3.348537662299246165e+01,1.006365779782108227e-01,5.111651228677318443e-02
5.650000000000000000e+02,3.382445503263973308e+01,1.149030961900886494e-01,5.334774253668804478e-02
5.700000000000000000e+02,3.416488342035151504e+01,1.308530973384709473e-01,5.661288538480480775e-02
5.750000000000000000e+02,3.450669020401812759e+01,1.478901467681725534e-01,6.091252404351772676e-02
5.800000000000001137e+02,3.484990457904648764e+01,1.663960841132422208e-01,6.577718016560564485e-02
5.850000000000000000e+02,3.519455655035218911e+01,1.872420261863443069e-01,7.033595332356290530e-02
5.900000000000001137e+02,3.554067696602913173e+01,2.104070099233638358e-01,7.352675892749485631e-02
5.950000000000000000e+02,3.588829755280590916e+01,2.342116869951645364e-01,7.430482556473635980e-02
6.000000000000001137e+02,3.623745095340679967e+01,2.565467838010864199e-01,7.195061652622011805e-02
6.050000000000000000e+02,3.658817076594416307e+01,2.763559191567057649e-01,6.636878600679305129e-02
6.100000000000001137e+02,3.694049158547942113e+01,2.934647970446122023e-01,5.807875356586981314e-02
6.150000000000000000e+02,3.729444904790063475e+01,3.077270725785273275e-01,4.802005478294373714e-02
6.200000000000000000e+02,3.765007987627701169e+01,3.186432679936596624e-01,3.742492460227082179e-02
6.250000000000000000e+02,3.800742192986371037e+01,3.254899717181645169e-01,2.775134025142453331e-02
6.300000000000000000e+02,3.836651425594489950e+01,3.276927159158828373e-01,2.053194447861518210e-02
6.330000000000000000e+02,3.858282648969046846e+01,3.267379246343672938e-01,1.794191879667617062e-02
6.350000000000001137e+02,3.872739714471897088e+01,3.252086915239223441e-01,1.707251782120224048e-02
6.400000000000000000e+02,3.909011218744748817e+01,3.186980463987552636e-01,1.810802146936788676e-02
6.450000000000001137e+02,3.945470233810827665e+01,3.093715741680795883e-01,2.361504448496333161e-02
6.500000000000000000e+02,3.982121197881494368e+01,2.986153051048409113e-01,3.288696692941917021e-02
6.550000000000001137e+02,4.018968698928794225e+01,2.876194272827007903e-01,4.480414389128616753e-02
6.600000000000000000e+02,4.056017482068856594e+01,2.771777503896936667e-01,5.814244926118794510e-02
6.650000000000001137e+02,4.093272457415594801e+01,2.676762225766725067e-01,7.179959027770256574e-02
6.700000000000000000e+02,4.130738708441825935e+01,2.591934559761348567e-01,8.490428369519652241e-02
6.750000000000000000e+02,4.168421500888543108e+01,2.516278573638265903e-01,9.683340400483325672e-02
6.800000000000000000e+02,4.206326292266894029e+01,2.448014606492032175e-01,1.071773771512122136e-01
6.850000000000000000e+02,4.244458742001813789e+01,2.385246727624338037e-01,1.156816155475334229e-01
6.900000000000001137e+02,4.282824722271105600e+01,2.326199618815973647e-01,1.221675537489221586e-01
6.950000000000000000e+02,4.321430329599129294e+01,2.268747778189447728e-01,1.263758057652314415e-01
6.990000000000000000e+02,4.352491594620923365e+01,2.218577216077055880e-01,1.273480026290640943e-01
